Time,MT1,MT2,MQF,FROX,FROY,FROZ,MROX,MROY,MROZ
300.0,542.5,540.0,160.0,2000.0,-1550.0,30000.0,-5458.33333333333,-13000.0,11500.0
1212.9599999999625,297.5,297.5,35.0,11.1111111111111,-422.222222222222,25000.0,4750.0,-7500.0,-3500.0
1512.9599999999625,542.5,540.0,160.0,2000.0,-1550.0,30000.0,-5458.33333333333,-13000.0,11500.0
2425.919999999925,297.5,297.5,35.0,11.1111111111111,-422.222222222222,25000.0,4750.0,-7500.0,-3500.0
2725.919999999925,542.5,540.0,160.0,2000.0,-1550.0,30000.0,-5458.33333333333,-13000.0,11500.0
3638.879999999888,297.5,297.5,35.0,11.1111111111111,-422.222222222222,25000.0,4750.0,-7500.0,-3500.0
3938.8799999998873,542.5,540.0,160.0,2000.0,-1550.0,30000.0,-5458.33333333333,-13000.0,11500.0
4851.83999999985,297.5,297.5,35.0,11.1111111111111,-422.222222222222,25000.0,4750.0,-7500.0,-3500.0
5151.83999999985,542.5,540.0,160.0,2000.0,-1550.0,30000.0,-5458.33333333333,-13000.0,11500.0
6064.799999999813,297.5,297.5,35.0,11.1111111111111,-422.222222222222,25000.0,4750.0,-7500.0,-3500.0
6364.799999999812,542.5,540.0,160.0,2000.0,-1550.0,30000.0,-5458.33333333333,-13000.0,11500.0
7277.759999999774,297.5,297.5,35.0,11.1111111111111,-422.222222222222,25000.0,4750.0,-7500.0,-3500.0
7577.759999999775,542.5,540.0,160.0,2000.0,-1550.0,30000.0,-5458.33333333333,-13000.0,11500.0
8490.719999999736,297.5,297.5,35.0,11.1111111111111,-422.222222222222,25000.0,4750.0,-7500.0,-3500.0
8790.719999999737,542.5,540.0,160.0,2000.0,-1550.0,30000.0,-5458.33333333333,-13000.0,11500.0
9703.679999999698,297.5,297.5,35.0,11.1111111111111,-422.222222222222,25000.0,4750.0,-7500.0,-3500.0
10003.679999999698,542.5,540.0,160.0,2000.0,-1550.0,30000.0,-5458.33333333333,-13000.0,11500.0
10916.639999999661,297.5,297.5,35.0,11.1111111111111,-422.222222222222,25000.0,4750.0,-7500.0,-3500.0
11216.639999999661,542.5,540.0,160.0,2000.0,-1550.0,30000.0,-5458.33333333333,-13000.0,11500.0
12129.599999999624,297.5,297.5,35.0,11.1111111111111,-422.222222222222,25000.0,4750.0,-7500.0,-3500.0
12429.599999999624,542.5,540.0,160.0,2000.0,-1550.0,30000.0,-5458.33333333333,-13000.0,11500.0
13342.559999999587,297.5,297.5,35.0,11.1111111111111,-422.222222222222,25000.0,4750.0,-7500.0,-3500.0
13642.559999999587,542.5,540.0,160.0,2000.0,-1550.0,30000.0,-5458.33333333333,-13000.0,11500.0
14555.519999999548,297.5,297.5,35.0,11.1111111111111,-422.222222222222,25000.0,4750.0,-7500.0,-3500.0
14855.519999999548,542.5,540.0,160.0,2000.0,-1550.0,30000.0,-5458.33333333333,-13000.0,11500.0
15768.47999999951,297.5,297.5,35.0,11.1111111111111,-422.222222222222,25000.0,4750.0,-7500.0,-3500.0
16068.479999999508,542.5,540.0,160.0,2000.0,-1550.0,30000.0,-5458.33333333333,-13000.0,11500.0
16981.43999999947,297.5,297.5,35.0,11.1111111111111,-422.222222222222,25000.0,4750.0,-7500.0,-3500.0
17281.43999999947,542.5,540.0,160.0,2000.0,-1550.0,30000.0,-5458.33333333333,-13000.0,11500.0
18194.399999999434,297.5,297.5,35.0,11.1111111111111,-422.222222222222,25000.0,4750.0,-7500.0,-3500.0
18494.399999999434,542.5,540.0,160.0,2000.0,-1550.0,30000.0,-5458.33333333333,-13000.0,11500.0
19407.359999999397,297.5,297.5,35.0,11.1111111111111,-422.222222222222,25000.0,4750.0,-7500.0,-3500.0
19707.359999999397,542.5,540.0,160.0,2000.0,-1550.0,30000.0,-5458.33333333333,-13000.0,11500.0
20620.31999999936,297.5,297.5,35.0,11.1111111111111,-422.222222222222,25000.0,4750.0,-7500.0,-3500.0
20920.31999999936,542.5,540.0,160.0,2000.0,-1550.0,30000.0,-5458.33333333333,-13000.0,11500.0
21833.279999999322,297.5,297.5,35.0,11.1111111111111,-422.222222222222,25000.0,4750.0,-7500.0,-3500.0
22133.279999999322,542.5,540.0,160.0,2000.0,-1550.0,30000.0,-5458.33333333333,-13000.0,11500.0
23046.239999999285,297.5,297.5,35.0,11.1111111111111,-422.222222222222,25000.0,4750.0,-7500.0,-3500.0
23346.239999999285,542.5,540.0,160.0,2000.0,-1550.0,30000.0,-5458.33333333333,-13000.0,11500.0
24259.199999999248,297.5,297.5,35.0,11.1111111111111,-422.222222222222,25000.0,4750.0,-7500.0,-3500.0
24559.199999999244,542.5,540.0,160.0,2000.0,-1550.0,30000.0,-5458.33333333333,-13000.0,11500.0
25472.15999999921,297.5,297.5,35.0,11.1111111111111,-422.222222222222,25000.0,4750.0,-7500.0,-3500.0
25772.159999999207,542.5,540.0,160.0,2000.0,-1550.0,30000.0,-5458.33333333333,-13000.0,11500.0
26685.119999999173,297.5,297.5,35.0,11.1111111111111,-422.222222222222,25000.0,4750.0,-7500.0,-3500.0
26985.11999999917,542.5,540.0,160.0,2000.0,-1550.0,30000.0,-5458.33333333333,-13000.0,11500.0
27898.079999999132,297.5,297.5,35.0,11.1111111111111,-422.222222222222,25000.0,4750.0,-7500.0,-3500.0
28198.079999999132,542.5,540.0,160.0,2000.0,-1550.0,30000.0,-5458.33333333333,-13000.0,11500.0
29111.039999999095,297.5,297.5,35.0,11.1111111111111,-422.222222222222,25000.0,4750.0,-7500.0,-3500.0
29411.0399999991,542.5,540.0,160.0,2000.0,-1550.0,30000.0,-5458.33333333333,-13000.0,11500.0
30323.99999999906,297.5,297.5,35.0,11.1111111111111,-422.222222222222,25000.0,4750.0,-7500.0,-3500.0
30623.999999999065,542.5,540.0,160.0,2000.0,-1550.0,30000.0,-5458.33333333333,-13000.0,11500.0
31536.959999999028,297.5,297.5,35.0,11.1111111111111,-422.222222222222,25000.0,4750.0,-7500.0,-3500.0
31836.959999999028,542.5,540.0,160.0,2000.0,-1550.0,30000.0,-5458.33333333333,-13000.0,11500.0
32749.919999998994,297.5,297.5,35.0,11.1111111111111,-422.222222222222,25000.0,4750.0,-7500.0,-3500.0
33049.919999998994,542.5,540.0,160.0,2000.0,-1550.0,30000.0,-5458.33333333333,-13000.0,11500.0
33962.87999999896,297.5,297.5,35.0,11.1111111111111,-422.222222222222,25000.0,4750.0,-7500.0,-3500.0
34262.87999999896,542.5,540.0,160.0,2000.0,-1550.0,30000.0,-5458.33333333333,-13000.0,11500.0
35175.83999999893,297.5,297.5,35.0,11.1111111111111,-422.222222222222,25000.0,4750.0,-7500.0,-3500.0
35475.83999999893,542.5,540.0,160.0,2000.0,-1550.0,30000.0,-5458.33333333333,-13000.0,11500.0
36388.79999999889,297.5,297.5,35.0,11.1111111111111,-422.222222222222,25000.0,4750.0,-7500.0,-3500.0
36688.79999999889,542.5,540.0,160.0,2000.0,-1550.0,30000.0,-5458.33333333333,-13000.0,11500.0
37601.75999999885,297.5,297.5,35.0,11.1111111111111,-422.222222222222,25000.0,4750.0,-7500.0,-3500.0
37901.75999999886,542.5,540.0,160.0,2000.0,-1550.0,30000.0,-5458.33333333333,-13000.0,11500.0
38814.71999999882,297.5,297.5,35.0,11.1111111111111,-422.222222222222,25000.0,4750.0,-7500.0,-3500.0
39114.71999999882,542.5,540.0,160.0,2000.0,-1550.0,30000.0,-5458.33333333333,-13000.0,11500.0
40027.679999998785,297.5,297.5,35.0,11.1111111111111,-422.222222222222,25000.0,4750.0,-7500.0,-3500.0
40327.679999998785,542.5,540.0,160.0,2000.0,-1550.0,30000.0,-5458.33333333333,-13000.0,11500.0
41240.63999999875,297.5,297.5,35.0,11.1111111111111,-422.222222222222,25000.0,4750.0,-7500.0,-3500.0
41540.639999998755,542.5,540.0,160.0,2000.0,-1550.0,30000.0,-5458.33333333333,-13000.0,11500.0
42453.59999999872,297.5,297.5,35.0,11.1111111111111,-422.222222222222,25000.0,4750.0,-7500.0,-3500.0
42753.59999999872,542.5,540.0,160.0,2000.0,-1550.0,30000.0,-5458.33333333333,-13000.0,11500.0
43666.55999999868,297.5,297.5,35.0,11.1111111111111,-422.222222222222,25000.0,4750.0,-7500.0,-3500.0
43966.55999999869,542.5,540.0,160.0,2000.0,-1550.0,30000.0,-5458.33333333333,-13000.0,11500.0
44879.51999999865,297.5,297.5,35.0,11.1111111111111,-422.222222222222,25000.0,4750.0,-7500.0,-3500.0
45179.51999999865,542.5,540.0,160.0,2000.0,-1550.0,30000.0,-5458.33333333333,-13000.0,11500.0
46092.47999999861,297.5,297.5,35.0,11.1111111111111,-422.222222222222,25000.0,4750.0,-7500.0,-3500.0
46392.47999999861,542.5,540.0,160.0,2000.0,-1550.0,30000.0,-5458.33333333333,-13000.0,11500.0
47305.439999998576,297.5,297.5,35.0,11.1111111111111,-422.222222222222,25000.0,4750.0,-7500.0,-3500.0
47605.43999999858,542.5,540.0,160.0,2000.0,-1550.0,30000.0,-5458.33333333333,-13000.0,11500.0
48518.399999998546,297.5,297.5,35.0,11.1111111111111,-422.222222222222,25000.0,4750.0,-7500.0,-3500.0
48818.399999998546,542.5,540.0,160.0,2000.0,-1550.0,30000.0,-5458.33333333333,-13000.0,11500.0
49731.35999999851,297.5,297.5,35.0,11.1111111111111,-422.222222222222,25000.0,4750.0,-7500.0,-3500.0
50031.35999999851,542.5,540.0,160.0,2000.0,-1550.0,30000.0,-5458.33333333333,-13000.0,11500.0
50944.31999999848,297.5,297.5,35.0,11.1111111111111,-422.222222222222,25000.0,4750.0,-7500.0,-3500.0
51244.31999999848,542.5,540.0,160.0,2000.0,-1550.0,30000.0,-5458.33333333333,-13000.0,11500.0
52157.27999999844,297.5,297.5,35.0,11.1111111111111,-422.222222222222,25000.0,4750.0,-7500.0,-3500.0
52457.27999999844,542.5,540.0,160.0,2000.0,-1550.0,30000.0,-5458.33333333333,-13000.0,11500.0
53370.239999998405,297.5,297.5,35.0,11.1111111111111,-422.222222222222,25000.0,4750.0,-7500.0,-3500.0
53670.23999999841,542.5,540.0,160.0,2000.0,-1550.0,30000.0,-5458.33333333333,-13000.0,11500.0
54583.199999998375,297.5,297.5,35.0,11.1111111111111,-422.222222222222,25000.0,4750.0,-7500.0,-3500.0
54883.199999998375,542.5,540.0,160.0,2000.0,-1550.0,30000.0,-5458.33333333333,-13000.0,11500.0
55796.15999999834,297.5,297.5,35.0,11.1111111111111,-422.222222222222,25000.0,4750.0,-7500.0,-3500.0
56096.15999999834,542.5,540.0,160.0,2000.0,-1550.0,30000.0,-5458.33333333333,-13000.0,11500.0
57009.1199999983,297.5,297.5,35.0,11.1111111111111,-422.222222222222,25000.0,4750.0,-7500.0,-3500.0
57309.11999999831,542.5,540.0,160.0,2000.0,-1550.0,30000.0,-5458.33333333333,-13000.0,11500.0
58222.07999999827,297.5,297.5,35.0,11.1111111111111,-422.222222222222,25000.0,4750.0,-7500.0,-3500.0
58522.07999999826,542.5,540.0,160.0,2000.0,-1550.0,30000.0,-5458.33333333333,-13000.0,11500.0
59435.03999999822,297.5,297.5,35.0,11.1111111111111,-422.222222222222,25000.0,4750.0,-7500.0,-3500.0
59735.03999999822,542.5,540.0,160.0,2000.0,-1550.0,30000.0,-5458.33333333333,-13000.0,11500.0
60647.999999998174,297.5,297.5,35.0,11.1111111111111,-422.222222222222,25000.0,4750.0,-7500.0,-3500.0
60947.99999999817,542.5,540.0,160.0,2000.0,-1550.0,30000.0,-5458.33333333333,-13000.0,11500.0
61860.95999999813,297.5,297.5,35.0,11.1111111111111,-422.222222222222,25000.0,4750.0,-7500.0,-3500.0
62160.95999999812,542.5,540.0,160.0,2000.0,-1550.0,30000.0,-5458.33333333333,-13000.0,11500.0
63073.91999999808,297.5,297.5,35.0,11.1111111111111,-422.222222222222,25000.0,4750.0,-7500.0,-3500.0
63373.91999999808,542.5,540.0,160.0,2000.0,-1550.0,30000.0,-5458.33333333333,-13000.0,11500.0
64286.87999999803,297.5,297.5,35.0,11.1111111111111,-422.222222222222,25000.0,4750.0,-7500.0,-3500.0
64586.879999998026,542.5,540.0,160.0,2000.0,-1550.0,30000.0,-5458.33333333333,-13000.0,11500.0
65499.83999999799,297.5,297.5,35.0,11.1111111111111,-422.222222222222,25000.0,4750.0,-7500.0,-3500.0
65799.83999999797,542.5,540.0,160.0,2000.0,-1550.0,30000.0,-5458.33333333333,-13000.0,11500.0
66712.79999999794,297.5,297.5,35.0,11.1111111111111,-422.222222222222,25000.0,4750.0,-7500.0,-3500.0
67012.79999999794,542.5,540.0,160.0,2000.0,-1550.0,30000.0,-5458.33333333333,-13000.0,11500.0
67925.75999999788,297.5,297.5,35.0,11.1111111111111,-422.222222222222,25000.0,4750.0,-7500.0,-3500.0
68225.75999999788,555.0,555.0,225.714285714286,900.0,-1533.33333333333,29500.0,3500.0,-13000.0,7000.0
68525.75999999788,555.0,555.0,226.0,1000.0,-1790.0,30500.0,3250.0,-13000.0,4000.0
72125.75999999788,5.0,5.0,5.0,400.0,300.0,24000.0,4937.5,500.0,-2500.0
72425.75999999788,555.0,552.5,220.0,1000.0,-1750.0,30000.0,3375.0,-13000.0,4000.0
74972.25599999788,5.0,12.5,5.0,500.0,235.714285714286,25000.0,4500.0,500.0,-1142.85714285714
75272.25599999788,555.0,545.0,215.0,825.0,-1500.0,29500.0,3500.0,-13000.0,6500.0
78872.25599999788,5.0,15.0,10.0,575.0,-800.0,25125.0,4250.0,0.0,-1000.0
79357.53599999787,552.5,545.0,196.785714285714,800.0,-1500.0,29000.0,3500.0,-12500.0,6500.0
82957.53599999787,5.0,20.0,10.0,654.545454545455,-850.0,25500.0,4250.0,0.0,-636.363636363636
85323.31199999788,545.0,542.5,215.625,800.0,-1500.0,29000.0,3555.55555555556,-13000.0,6500.0
88923.31199999788,12.5,40.0,10.0,733.333333333333,-900.0,25500.0,4500.0,0.0,-166.666666666667
89223.31199999787,545.0,542.5,162.5,800.0,-1444.73684210526,28842.1052631579,3750.0,-12500.0,6000.0
92823.31199999787,15.0,40.0,10.0,800.0,-900.0,25500.0,4250.0,-500.0,1500.0
93212.54399999787,542.5,542.5,216.666666666667,1000.0,-1716.66666666667,29500.0,3500.0,-12500.0,4000.0
93988.41599999787,542.5,540.0,202.5,660.0,-1335.0,28500.0,3750.0,-12500.0,-1000.0
94288.41599999787,542.5,540.0,160.0,2000.0,-1550.0,30000.0,-5458.33333333333,-13000.0,11500.0
94613.56799999787,540.0,537.5,155.833333333333,563.636363636364,-1190.90909090909,28000.0,3750.0,-13000.0,-1454.54545454545
98213.56799999787,40.0,55.0,10.0,1000.0,-1100.0,26000.0,4138.88888888889,-500.0,3000.0
101813.56799999787,537.5,535.0,162.307692307692,1733.33333333333,-1527.77777777778,30000.0,3750.0,-12500.0,11000.0
102582.52799999791,537.5,535.0,189.0,1000.0,-1700.0,29500.0,3750.0,-13000.0,3500.0
106182.52799999791,40.0,55.0,5.0,1075.0,-1100.0,26000.0,3975.0,-1000.0,3000.0
106482.5279999979,537.5,535.0,133.076923076923,892.307692307692,-1619.23076923077,28500.0,3750.0,-12500.0,2653.84615384615
107203.1039999979,535.0,535.0,163.75,868.75,-1546.875,28437.5,-5250.0,-13000.0,3500.0
108007.48799999786,52.5,57.5,15.0,100.0,-805.555555555556,25000.0,5050.0,-1100.0,-8055.55555555556
108307.48799999786,535.0,535.0,152.142857142857,700.0,-1600.0,30500.0,-3557.69230769231,-12500.0,1500.0
108607.48799999786,52.5,60.0,15.0,300.0,-950.0,25500.0,5250.0,-1000.0,-7000.0
110611.39199999784,535.0,535.0,208.333333333333,800.0,-1625.0,28500.0,3750.0,-13000.0,4000.0
110911.39199999782,55.0,62.5,10.0,1100.0,-1100.0,26000.0,5125.0,-1000.0,3500.0
111868.55999999789,535.0,535.0,187.5,927.272727272727,-1195.45454545455,29000.0,-3500.0,-13500.0,4681.81818181818
113689.58399999786,55.0,67.5,10.0,300.0,-1006.25,26000.0,-3500.0,-1000.0,-7000.0
117289.58399999786,535.0,535.0,190.0,1020.0,-1640.0,29000.0,-3750.0,-13500.0,3500.0
118340.92799999792,535.0,535.0,188.666666666667,1000.0,-1221.42857142857,29000.0,4000.0,-13000.0,5000.0
118722.67199999787,57.5,67.5,10.0,100.0,-850.0,25000.0,5000.0,-1545.45454545455,-8000.0
120307.96799999783,60.0,75.0,15.0,1100.0,-1100.0,26818.1818181818,4750.0,-1500.0,3500.0
120634.70399999787,532.5,532.5,174.0,850.0,-1600.0,28500.0,-3750.0,-13666.6666666667,3500.0
121640.6879999978,65.0,82.5,10.0,133.333333333333,-850.0,25000.0,4750.0,-1500.0,-7500.0
121974.62399999778,532.5,532.5,180.789473684211,822.222222222222,-1416.66666666667,28027.7777777778,3670.45454545455,-12500.0,3000.0
124897.5359999978,532.5,530.0,182.0,600.0,-1507.14285714286,29500.0,3500.0,-13000.0,1000.0
127125.93599999782,67.5,85.0,10.0,200.0,-883.333333333333,25500.0,4750.0,-1500.0,-6833.33333333333
128464.84799999783,75.0,87.5,15.0,200.0,-850.0,25500.0,4750.0,-1500.0,-7500.0
132064.84799999782,530.0,530.0,108.571428571429,1600.0,-1487.5,29500.0,-5125.0,-13000.0,11000.0
135664.84799999782,75.0,87.5,5.0,200.0,-900.0,25500.0,5000.0,-2000.0,-6000.0
135998.3519999979,530.0,530.0,153.0,600.0,-1500.0,29500.0,3750.0,-12500.0,500.0
137261.6639999978,75.0,92.5,10.0,225.0,-900.0,25500.0,4750.0,-2000.0,-5500.0
140861.6639999978,530.0,530.0,170.0,1140.0,-1510.0,29000.0,-3500.0,-13500.0,6500.0
144461.6639999978,85.0,92.5,10.0,300.0,-900.0,25500.0,4750.0,-2000.0,-5000.0
144965.23199999775,85.0,100.0,10.0,400.0,-1135.0,26450.0,5083.33333333333,-2000.0,-6500.0
145265.23199999778,530.0,527.5,149.444444444444,600.0,-1466.66666666667,29000.0,-3500.0,-13500.0,500.0
146025.6959999978,85.0,100.0,15.0,300.0,-900.0,25500.0,5000.0,-2000.0,-4250.0
146515.7279999978,527.5,527.5,150.0,766.666666666667,-1372.22222222222,28500.0,-4800.0,-13000.0,2000.0
146815.72799999782,87.5,102.5,10.0,1100.0,-1128.57142857143,27500.0,5000.0,-2000.0,3500.0
147406.84799999782,527.5,527.5,168.0,1200.0,-1550.0,29000.0,-3339.28571428571,-12500.0,6500.0
151006.84799999782,87.5,105.0,15.0,33.3333333333333,-783.333333333333,24250.0,4750.0,-2214.28571428571,-8500.0
152137.53599999778,527.5,527.5,150.833333333333,1085.71428571429,-1471.42857142857,29000.0,4000.0,-13000.0,6000.0
152899.43999999788,92.5,107.5,10.0,100.0,-800.0,25000.0,-3562.5,-2000.0,-8000.0
155741.85599999785,527.5,525.0,167.0,816.666666666667,-1304.16666666667,28000.0,3312.5,-13000.0,2416.66666666667
156041.85599999785,92.5,120.0,10.0,1100.0,-1187.5,28000.0,5000.0,-2500.0,3500.0
158263.1999999979,527.5,525.0,181.25,966.666666666667,-1600.0,30000.0,3250.0,-13000.0,2166.66666666667
158931.07199999786,525.0,525.0,133.333333333333,800.0,-1700.0,29000.0,3800.0,-12500.0,2500.0
159231.07199999786,100.0,122.5,10.0,400.0,-1194.44444444444,26500.0,5000.0,-2500.0,-6500.0
161766.4799999978,525.0,525.0,291.818181818182,600.0,-1450.0,28500.0,-4750.0,-12500.0,500.0
163481.51999999784,105.0,122.5,7.14285714285714,1133.33333333333,-1250.0,28166.6666666667,-3750.0,-2166.66666666667,3500.0
165737.42399999782,525.0,525.0,65.0,1000.0,-1400.0,29000.0,3916.66666666667,-12500.0,5000.0
169337.42399999782,107.5,125.0,10.0,300.0,-915.0,26000.0,5000.0,-2500.0,-3900.0
169637.42399999785,107.5,127.5,10.0,1200.0,-1270.0,28800.0,5000.0,-3000.0,4000.0
169964.15999999788,525.0,525.0,165.0,600.0,-1450.0,28500.0,3750.0,-12500.0,500.0
171848.68799999793,110.0,127.5,10.0,400.0,-1200.0,26500.0,5000.0,-3000.0,-6000.0
172148.68799999793,525.0,525.0,149.444444444444,800.0,-1487.5,30000.0,-4535.71428571429,-12500.0,9000.0
173458.51199999783,120.0,135.0,14.0,-28.5714285714286,250.0,24000.0,4750.0,-2875.0,-9000.0
173837.3759999979,525.0,525.0,150.0,600.0,-1450.0,28500.0,4437.5,-13500.0,0.0
175861.58399999788,120.0,140.0,15.0,333.333333333333,-950.0,26000.0,4900.0,-3000.0,-3500.0
179461.58399999788,525.0,522.5,162.142857142857,1000.0,-1400.0,29000.0,-5450.0,-12500.0,5000.0
181720.2239999979,122.5,140.0,10.0,14.2857142857143,214.285714285714,24428.5714285714,4861.11111111111,-3166.66666666667,-8500.0
182130.47999999792,525.0,522.5,160.0,1000.0,-1420.0,29000.0,3500.0,-13000.0,5600.0
185536.51199999783,127.5,142.5,10.0,150.0,-841.666666666667,25000.0,4583.33333333333,-3083.33333333333,-8000.0
187477.34399999777,135.0,142.5,10.0,100.0,200.0,24500.0,4500.0,-3500.0,-8500.0
190243.72799999782,140.0,150.0,15.0,400.0,-950.0,26000.0,5000.0,-3500.0,-3000.0
192661.1999999979,522.5,522.5,146.25,1188.88888888889,-1666.66666666667,29500.0,-3312.5,-13500.0,4888.88888888889
192961.1999999979,140.0,155.0,10.0,400.0,-955.555555555556,26000.0,4750.0,-3500.0,-2277.77777777778
196561.1999999979,522.5,522.5,82.2727272727273,900.0,-1575.0,30000.0,2000.0,-11500.0,1500.0
197608.51199999804,142.5,155.0,10.0,200.0,-850.0,25000.0,4750.0,-3892.85714285714,-8000.0
198860.87999999805,142.5,155.0,10.0,100.0,160.0,24500.0,4750.0,-3500.0,-8500.0
202460.87999999805,522.5,522.5,155.0,850.0,-1385.0,28000.0,-4937.5,-12500.0,2500.0
206060.87999999805,150.0,155.0,10.0,400.0,-1200.0,26500.0,5000.0,-4045.45454545455,-6000.0
207228.57599999805,522.5,522.5,152.5,900.0,-1283.33333333333,29000.0,3708.33333333333,-12500.0,3500.0
210828.57599999805,150.0,155.0,14.375,200.0,-850.0,25000.0,4750.0,-3500.0,-7500.0
211495.5839999982,522.5,522.5,158.75,928.571428571429,-1350.0,29000.0,3750.0,-12500.0,4285.71428571429
211795.58399999823,155.0,155.0,10.0,400.0,-1230.0,26500.0,4500.0,-4000.0,-5500.0
215182.31999999803,522.5,522.5,140.0,880.0,-1550.0,30000.0,4750.0,-13500.0,1000.0
218782.31999999803,155.0,155.0,10.0,200.0,25.0,25000.0,4678.57142857143,-4000.0,-7500.0
222382.31999999803,522.5,520.0,160.0,900.0,-1150.0,28500.0,-4428.57142857143,-12500.0,4500.0
224751.26399999793,155.0,160.0,10.0,140.0,110.0,25000.0,4750.0,-3500.0,-8100.0
225403.87199999794,520.0,520.0,56.4285714285714,636.363636363636,-1186.36363636364,28068.1818181818,4125.0,-13000.0,1500.0
229003.87199999794,155.0,162.5,10.0,200.0,-50.0,25000.0,4750.0,-3500.0,-6750.0
229303.87199999794,520.0,520.0,140.0,900.0,-1150.0,28500.0,4000.0,-12500.0,4500.0
232903.8719999979,155.0,165.0,10.0,400.0,-1250.0,26500.0,4500.0,-4000.0,-5500.0
236503.8719999979,520.0,520.0,129.0,760.0,-1670.0,29000.0,-4035.71428571429,-12500.0,2000.0
240103.8719999979,157.5,165.0,5.0,220.0,-130.0,25400.0,4500.0,-4000.0,-6000.0
243703.8719999979,160.0,167.5,5.0,263.636363636364,-900.0,25000.0,4500.0,-4000.0,-7500.0
247303.8719999979,160.0,167.5,10.0,300.0,-190.0,25500.0,4500.0,-4000.0,-5500.0
248431.39199999796,520.0,520.0,50.0,500.0,-1350.0,28000.0,4227.27272727273,-12454.5454545455,-1000.0
252031.39199999796,165.0,170.0,11.0,300.0,-287.5,25500.0,6000.0,-4000.0,-5000.0
252331.39199999793,167.5,175.0,14.1666666666667,300.0,-441.666666666667,25500.0,4500.0,-4000.0,-4250.0
253945.19999999786,520.0,520.0,144.166666666667,1200.0,-1400.0,29333.3333333333,3750.0,-12500.0,7500.0
254245.19999999786,170.0,175.0,13.5714285714286,325.0,-837.5,25500.0,6000.0,-4000.0,-4000.0
254734.51199999775,520.0,520.0,121.25,1200.0,-1400.0,29000.0,-4500.0,-12500.0,7000.0
258334.51199999775,170.0,177.5,10.0,400.0,-1000.0,25500.0,4500.0,-4500.0,-2833.33333333333
261549.74399999756,520.0,520.0,145.0,700.0,-1158.33333333333,28500.0,3656.25,-12500.0,1500.0
261849.74399999756,170.0,177.5,10.0,400.0,-900.0,25500.0,4500.0,-4500.0,-3500.0
262500.76799999754,520.0,517.5,133.125,875.0,-1118.75,28500.0,-4375.0,-12500.0,4000.0
262800.7679999975,177.5,182.5,10.0,-450.0,350.0,17500.0,4750.0,-4375.0,-6000.0
263537.0399999974,517.5,517.5,148.333333333333,733.333333333333,-1130.0,27900.0,-3116.66666666667,-12000.0,2000.0
265089.07199999754,177.5,185.0,5.0,440.0,-1040.0,26000.0,5900.0,-4500.0,-1500.0
265389.07199999754,517.5,517.5,150.0,1250.0,-1400.0,29500.0,4050.0,-12000.0,8125.0
265689.0719999975,177.5,185.0,15.0,416.666666666667,-1008.33333333333,26000.0,4750.0,-4500.0,-1500.0
267579.50399999757,517.5,517.5,145.0,800.0,-1525.0,29500.0,4750.0,-13500.0,625.0
267879.5039999975,182.5,185.0,10.0,500.0,-1050.0,26000.0,5750.0,-4500.0,-1000.0
271479.5039999975,517.5,517.5,133.333333333333,850.0,-1262.5,29000.0,4000.0,-12500.0,3000.0
271779.5039999975,185.0,187.5,10.0,300.0,-950.0,25000.0,4750.0,-4500.0,-6900.0
275379.5039999975,517.5,515.0,150.0,1500.0,-1291.66666666667,29000.0,-3062.5,-12500.0,9166.66666666667
275679.5039999975,185.0,187.5,10.0,400.0,-1250.0,26500.0,5750.0,-4500.0,-5500.0
279279.5039999975,515.0,515.0,123.0,300.0,-750.0,28500.0,4000.0,-12500.0,6750.0
279579.5039999975,185.0,190.0,15.0,483.333333333333,-1250.0,26500.0,4750.0,-4500.0,-5000.0
283179.5039999975,187.5,190.0,10.0,300.0,-978.571428571429,25500.0,4833.33333333333,-4500.0,-5928.57142857143
283479.50399999745,515.0,515.0,181.25,1411.11111111111,-1211.11111111111,28500.0,3750.0,-12000.0,8000.0
284475.83999999735,187.5,192.5,5.0,-400.0,350.0,18000.0,4392.85714285714,-4500.0,-5500.0
286762.8479999975,515.0,515.0,163.333333333333,1400.0,-1356.25,28500.0,2000.0,-11500.0,7500.0
287062.8479999975,190.0,195.0,17.2727272727273,-400.0,350.0,18000.0,4750.0,-4625.0,-6000.0
287362.84799999744,515.0,515.0,163.333333333333,390.0,-680.0,27500.0,3000.0,-12500.0,6500.0
287662.84799999744,190.0,195.0,10.0,500.0,-1085.71428571429,26000.0,5750.0,-4500.0,-500.0
287962.84799999744,515.0,515.0,142.5,500.0,-1150.0,28000.0,-3700.0,-12100.0,-1500.0
288262.8479999974,192.5,195.0,12.1428571428571,500.0,-1250.0,26500.0,4642.85714285714,-5000.0,-4500.0
288986.15999999736,192.5,195.0,15.0,442.857142857143,-1000.0,26500.0,4750.0,-5000.0,-1500.0
290699.75999999745,515.0,515.0,140.0,800.0,-1500.0,29500.0,-3607.14285714286,-12500.0,0.0
290999.7599999974,195.0,197.5,15.0,-400.0,350.0,18500.0,4500.0,-5000.0,-5500.0
291299.7599999974,515.0,515.0,128.333333333333,1400.0,-1450.0,28550.0,3423.07692307692,-12115.3846153846,8000.0
291599.7599999974,195.0,200.0,15.0,400.0,-1037.5,25500.0,5750.0,-5000.0,-4500.0
291899.7599999974,515.0,515.0,140.0,400.0,131.25,27500.0,5000.0,-13000.0,-3375.0
294201.5999999975,195.0,202.5,5.0,350.0,-1000.0,25500.0,4250.0,-5000.0,-5000.0
294876.67199999734,515.0,515.0,117.5,1050.0,-1350.0,29000.0,3357.14285714286,-12500.0,5500.0
297531.1679999974,195.0,202.5,10.0,500.0,-1250.0,26500.0,4500.0,-5000.0,-4000.0
298765.1039999974,515.0,515.0,281.666666666667,1400.0,-1200.0,28500.0,4000.0,-11500.0,7000.0
302365.1039999974,197.5,205.0,10.0,400.0,-1055.55555555556,25500.0,4500.0,-5000.0,-3500.0
302665.1039999974,515.0,515.0,143.125,950.0,-1350.0,29000.0,4625.0,-12050.0,4833.33333333333
302965.1039999974,200.0,210.0,10.0,-340.0,350.0,18500.0,4750.0,-5000.0,-5500.0
305221.15199999756,515.0,515.0,155.0,280.0,-750.0,28100.0,-3958.33333333333,-12500.0,6000.0
305521.15199999756,202.5,212.5,22.0833333333333,500.0,-1250.0,26500.0,5750.0,-5000.0,-4000.0
305840.83199999743,205.0,215.0,5.0,500.0,-1100.0,26000.0,4500.0,-5500.0,-500.0
306140.83199999743,515.0,515.0,205.0,700.0,-1650.0,28500.0,3000.0,-12500.0,1500.0
306440.83199999743,205.0,215.0,20.0,400.0,-1100.0,26000.0,4750.0,-5500.0,-2750.0
306740.8319999974,515.0,515.0,203.333333333333,433.333333333333,-16.6666666666667,27500.0,2187.5,-11500.0,-2916.66666666667
307040.8319999974,210.0,217.5,5.0,500.0,-1285.71428571429,26571.4285714286,4500.0,-5500.0,-3500.0
310070.4479999973,212.5,217.5,18.125,425.0,-1100.0,26000.0,4500.0,-5500.0,-2000.0
312014.87999999727,515.0,515.0,172.142857142857,1400.0,-1233.33333333333,28500.0,4875.0,-13000.0,7750.0
312410.87999999727,215.0,222.5,15.0,-283.333333333333,316.666666666667,19000.0,5700.0,-5400.0,-5500.0
313184.8799999973,515.0,515.0,225.714285714286,1400.0,-1370.0,28000.0,3361.11111111111,-12000.0,7500.0
314596.51199999725,215.0,222.5,5.0,500.0,-1100.0,26000.0,7250.0,-5500.0,-2000.0
316007.56799999735,217.5,222.5,5.0,500.0,-1300.0,27000.0,4250.0,-5500.0,-3029.41176470588
319607.56799999735,515.0,515.0,114.375,1166.66666666667,-1400.0,29000.0,5000.0,-13000.0,6500.0
321880.03199999727,217.5,225.0,5.0,500.0,-1026.92307692308,26500.0,5500.0,-5500.0,-1038.46153846154
325480.03199999727,512.5,515.0,45.0,1500.0,-1250.0,29000.0,4000.0,-12000.0,8000.0
325954.0799999972,222.5,227.5,5.0,-200.0,300.0,19500.0,5500.0,-5500.0,-5500.0
329194.79999999725,512.5,515.0,50.0,500.0,-1270.0,27800.0,3916.66666666667,-12000.0,-2500.0
330410.87999999727,225.0,230.0,5.0,200.0,-860.0,23500.0,4500.0,-5750.0,-2000.0
330803.8559999973,512.5,512.5,170.0,1377.77777777778,-1200.0,28500.0,3500.0,-12136.3636363636,6000.0
332267.75999999716,227.5,230.0,21.4285714285714,-142.857142857143,300.0,20214.2857142857,5321.42857142857,-5500.0,-4642.85714285714
335867.75999999716,512.5,512.5,43.75,700.0,-1250.0,29000.0,-4000.0,-12500.0,8500.0
337680.86399999727,230.0,230.0,5.0,500.0,-1130.0,26000.0,4250.0,-5500.0,-1500.0
341280.86399999727,512.5,512.5,136.111111111111,700.0,-1112.5,28500.0,3916.66666666667,-12500.0,5000.0
344880.86399999727,230.0,230.0,10.0,-200.0,300.0,19500.0,7000.0,-5500.0,-5250.0
345180.8639999972,512.5,512.5,167.0,1000.0,-1600.0,28500.0,5000.0,-12500.0,3500.0
346283.90399999724,230.0,230.0,18.5,-75.0,300.0,21000.0,7250.0,-5500.0,-4125.0
349883.90399999724,512.5,512.5,191.111111111111,800.0,-1056.25,28250.0,5000.0,-13000.0,3500.0
350183.90399999724,230.0,230.0,5.0,200.0,-933.333333333333,24000.0,4750.0,-6000.0,-2000.0
350647.29599999724,512.5,512.5,48.3333333333333,1400.0,-1200.0,28500.0,5000.0,-13000.0,7000.0
351001.1039999972,230.0,230.0,8.33333333333333,500.0,-1100.0,26000.0,5250.0,-5500.0,0.0
354314.6879999973,230.0,230.0,5.0,40.0,240.0,21800.0,7000.0,-6000.0,-3500.0
354637.10399999726,510.0,512.5,140.0,900.0,-1350.0,29000.0,3750.0,-12000.0,4500.0
358237.10399999726,232.5,232.5,5.0,300.0,-1066.66666666667,24000.0,5500.0,-5500.0,-3000.0
361837.10399999726,232.5,232.5,5.0,300.0,-1100.0,24500.0,5500.0,-6000.0,-3000.0
365437.10399999726,235.0,232.5,5.0,0.0,275.0,21500.0,4250.0,-6000.0,-4000.0
365737.1039999972,510.0,512.5,170.294117647059,640.0,-1166.66666666667,27500.0,5000.0,-13000.0,1500.0
366399.215999997,235.0,232.5,5.0,233.333333333333,-950.0,24333.3333333333,5500.0,-6000.0,-2000.0
366699.21599999693,510.0,512.5,154.583333333333,850.0,-1308.33333333333,29000.0,4000.0,-12000.0,3666.66666666667
370299.21599999693,237.5,232.5,5.0,577.777777777778,-1100.0,26000.0,5125.0,-6000.0,0.0
370599.21599999693,510.0,512.5,147.826086956522,200.0,-708.333333333333,28000.0,-3468.75,-12000.0,5500.0
372717.74399999686,237.5,232.5,5.0,300.0,-1210.0,25500.0,5423.07692307692,-6000.0,-2900.0
374863.91999999684,510.0,510.0,140.0,600.0,-1100.0,28500.0,-3750.0,-12000.0,3000.0
375617.4719999969,237.5,235.0,5.0,100.0,200.0,22500.0,5250.0,-5666.66666666667,-3166.66666666667
376037.8079999966,510.0,510.0,157.5,715.0,-1107.5,28450.0,4500.0,-12500.0,9000.0
379637.8079999966,237.5,235.0,10.0,100.0,170.0,22500.0,5625.0,-6000.0,-2500.0
383237.8079999966,510.0,510.0,275.0,721.428571428571,-1139.28571428571,28500.0,3750.0,-12000.0,1500.0
386837.8079999966,240.0,237.5,26.875,400.0,-1230.0,25900.0,5312.5,-6000.0,-2500.0
390274.5119999965,242.5,237.5,5.0,166.666666666667,150.0,23166.6666666667,5750.0,-6000.0,-2250.0
390852.09599999624,510.0,510.0,128.75,500.0,-1133.33333333333,27500.0,4291.66666666667,-12333.3333333333,1000.0
394452.09599999624,245.0,237.5,5.0,385.714285714286,-1267.85714285714,25964.2857142857,5187.5,-6125.0,-2000.0
396048.4799999963,510.0,510.0,140.0,740.0,-1060.0,28000.0,-3750.0,-12000.0,3000.0
397231.43999999634,247.5,240.0,6.0,371.428571428571,-1150.0,24714.2857142857,4500.0,-6321.42857142857,-2500.0
399349.67999999656,247.5,240.0,5.0,300.0,-985.714285714286,25000.0,6821.42857142857,-6000.0,-2000.0
399698.44799999625,510.0,510.0,124.285714285714,700.0,-1450.0,28500.0,4000.0,-12000.0,-500.0
401120.7359999964,247.5,242.5,10.0,500.0,-1150.0,26000.0,5000.0,-6000.0,-1000.0
401420.7359999964,510.0,510.0,142.0,600.0,-1100.0,28500.0,4090.90909090909,-11500.0,3500.0
403219.15199999616,247.5,245.0,10.0,500.0,-1050.0,26500.0,4500.0,-6000.0,-1000.0
403519.15199999616,507.5,510.0,120.0,1200.0,-1250.0,29000.0,4062.5,-12000.0,4500.0
406636.8959999961,247.5,247.5,23.1818181818182,240.0,100.0,24600.0,5000.0,-6000.0,-2000.0
406936.89599999605,507.5,507.5,135.714285714286,600.0,-1007.14285714286,28000.0,5250.0,-12500.0,1000.0
407236.89599999605,250.0,247.5,10.0,400.0,-1200.0,25000.0,5250.0,-6000.0,-1500.0
407536.89599999605,507.5,507.5,129.0,633.333333333333,-1100.0,28500.0,4031.25,-12500.0,4333.33333333333
411136.89599999605,250.0,247.5,8.57142857142857,400.0,-1175.0,25000.0,5250.0,-6000.0,-2000.0
413222.4479999962,507.5,507.5,211.153846153846,1100.0,-1250.0,28500.0,3250.0,-12000.0,4142.85714285714
416822.4479999962,250.0,247.5,15.5,300.0,90.0,25300.0,6350.0,-6000.0,-1500.0
418109.80799999647,507.5,507.5,155.0,700.0,-1200.0,28875.0,3750.0,-12000.0,8500.0
419669.90399999643,250.0,250.0,8.33333333333333,490.909090909091,-1086.36363636364,26500.0,4250.0,-6000.0,-1000.0
421008.81599999644,507.5,507.5,251.944444444444,1300.0,-1163.63636363636,28000.0,2458.33333333333,-11000.0,6000.0
424608.81599999644,252.5,250.0,10.0,400.0,-1200.0,25000.0,5250.0,-6500.0,-1000.0
425336.5919999965,252.5,250.0,9.64285714285714,600.0,-1100.0,26000.0,5000.0,-6000.0,500.0
426480.9599999963,505.0,505.0,270.0,1400.0,-1538.88888888889,29000.0,4375.0,-12000.0,10000.0
430080.9599999963,252.5,250.0,27.9166666666667,300.0,-1033.33333333333,25500.0,4750.0,-6500.0,-2000.0
430380.9599999963,505.0,505.0,247.777777777778,200.0,-700.0,28000.0,5000.0,-12500.0,5500.0
433980.9599999963,255.0,250.0,10.0,512.5,-1300.0,27000.0,5150.0,-6500.0,-2687.5
437580.9599999963,255.0,252.5,10.0,266.666666666667,-1194.44444444444,26500.0,5250.0,-6500.0,-2000.0
441180.9599999963,505.0,505.0,110.833333333333,150.0,-665.0,28000.0,4250.0,-12500.0,5000.0
442430.7359999959,255.0,252.5,10.0,500.0,-1150.0,26000.0,4800.0,-6350.0,-1000.0
443538.2399999956,255.0,252.5,10.0,459.090909090909,-1318.18181818182,26568.1818181818,5000.0,-6125.0,-1136.36363636364
445275.3119999958,505.0,505.0,144.117647058824,700.0,-1016.66666666667,28000.0,4541.66666666667,-12000.0,2500.0
445575.3119999958,505.0,505.0,139.375,1035.71428571429,-1189.28571428571,28000.0,3750.0,-12083.3333333333,3714.28571428571
449175.3119999958,505.0,505.0,263.75,700.0,-1633.33333333333,28500.0,4000.0,-11500.0,500.0
452775.3119999958,260.0,255.0,10.0,100.0,-1050.0,26000.0,4928.57142857143,-6500.0,-2500.0
453290.3999999958,505.0,505.0,131.0,800.0,-1116.66666666667,28500.0,5250.0,-12000.0,8500.0
456890.3999999958,502.5,505.0,106.25,620.0,-1600.0,28000.0,3562.5,-12000.0,-800.0
458379.2159999959,502.5,502.5,110.0,700.0,-1600.0,28000.0,2673.07692307692,-11461.5384615385,0.0
461663.5679999958,262.5,260.0,10.0,485.714285714286,28.5714285714286,26500.0,4892.85714285714,-6500.0,-1142.85714285714
461963.56799999584,502.5,502.5,242.916666666667,300.0,-640.0,27500.0,4250.0,-12500.0,6000.0
465563.56799999584,262.5,260.0,10.0,509.090909090909,-1322.72727272727,26500.0,4937.5,-6500.0,-500.0
468598.3679999957,262.5,260.0,10.0,575.0,-1325.0,26500.0,4750.0,-6500.0,0.0
470006.3999999958,502.5,502.5,182.857142857143,1400.0,-1500.0,29000.0,3458.33333333333,-12000.0,9000.0
470306.39999999583,502.5,502.5,208.333333333333,500.0,-1088.46153846154,27500.0,4208.33333333333,-12500.0,1000.0
470606.3999999959,502.5,502.5,103.333333333333,533.333333333333,-950.0,28000.0,4250.0,-12000.0,-500.0
470906.3999999959,502.5,502.5,193.333333333333,660.0,-1480.0,28100.0,4250.0,-12000.0,-1500.0
471229.39199999603,500.0,502.5,253.125,800.0,-1600.0,28000.0,3250.0,-12000.0,4000.0
471879.8399999963,265.0,262.5,18.8461538461538,300.0,-1075.0,25500.0,4777.77777777778,-6666.66666666667,-2000.0
472842.6239999963,500.0,502.5,133.666666666667,666.666666666667,-1066.66666666667,28500.0,-4000.0,-12000.0,1000.0
476442.6239999963,265.0,265.0,10.0,600.0,-1320.0,26500.0,5000.0,-7000.0,800.0
477383.951999996,500.0,502.5,145.0,800.0,-1107.14285714286,29500.0,3500.0,-11500.0,9500.0
480983.951999996,265.0,265.0,10.0,300.0,-1050.0,25000.0,4750.0,-6500.0,-2250.0
484583.951999996,265.0,265.0,10.0,522.222222222222,-1350.0,26722.2222222222,4657.8947368421,-7000.0,-1000.0
485932.3679999962,267.5,265.0,11.7857142857143,490.0,-1115.0,26500.0,5000.0,-7000.0,-1000.0
488367.1199999956,500.0,500.0,149.230769230769,638.461538461538,-1107.69230769231,28000.0,2250.0,-11500.0,8000.0
491834.20799999515,500.0,500.0,130.3125,1000.0,-1250.0,27500.0,3513.15789473684,-11473.6842105263,8500.0
493056.6239999954,267.5,267.5,10.0,260.0,-1150.0,26000.0,4625.0,-6500.0,-2000.0
493513.6799999953,500.0,500.0,96.875,962.5,-1162.5,27500.0,-2958.33333333333,-12000.0,8000.0
497113.6799999953,267.5,267.5,10.0,715.0,-1385.0,26975.0,4750.0,-6500.0,2500.0
498153.93599999434,500.0,500.0,212.857142857143,869.230769230769,-1123.07692307692,27500.0,-3791.66666666667,-11750.0,7500.0
501753.93599999434,267.5,267.5,11.0,576.923076923077,-1388.46153846154,27000.0,4700.0,-6500.0,-653.846153846154
502053.9359999944,500.0,500.0,126.428571428571,1000.0,-1125.0,27937.5,4250.0,-11500.0,3500.0
502353.9359999944,500.0,500.0,84.6875,900.0,-1112.5,27500.0,4750.0,-12000.0,8000.0
502767.35999999405,270.0,267.5,25.0,700.0,-1250.0,27000.0,5416.66666666667,-7000.0,2000.0
505035.5039999944,500.0,500.0,126.0,257.142857142857,-550.0,27071.4285714286,3535.71428571429,-11523.8095238095,5500.0
506004.9119999952,500.0,500.0,180.0,987.5,-1150.0,28000.0,4312.5,-12000.0,7500.0
507097.43999999505,497.5,500.0,245.0,800.0,-1591.66666666667,28000.0,4250.0,-11500.0,3500.0
510697.43999999505,270.0,270.0,13.0,-200.0,-150.0,23500.0,4500.0,-7000.0,-4500.0
510997.4399999951,270.0,270.0,29.375,575.0,-1225.0,27000.0,4150.0,-7000.0,1000.0
514597.4399999951,497.5,497.5,149.090909090909,500.0,-950.0,28000.0,2855.76923076923,-11000.0,-1000.0
517699.3439999943,497.5,497.5,177.307692307692,900.0,-1106.25,27500.0,3250.0,-12000.0,7000.0
517999.34399999434,270.0,270.0,13.3333333333333,325.0,-1187.5,27000.0,4937.5,-7000.0,-1250.0
521599.34399999434,497.5,497.5,216.666666666667,457.142857142857,-1035.71428571429,28000.0,4250.0,-12000.0,1000.0
525199.3439999943,497.5,497.5,159.6875,566.666666666667,-1066.66666666667,28000.0,3750.0,-11500.0,8500.0
525499.3439999943,272.5,270.0,30.0,500.0,-1150.0,26000.0,7000.0,-6500.0,-1000.0
527981.9039999939,497.5,497.5,94.0,1200.0,-1112.5,28000.0,3250.0,-12000.0,5000.0
531581.9039999939,272.5,270.0,15.5555555555556,760.0,-1410.0,27000.0,4750.0,-7000.0,3000.0
535181.9039999939,497.5,497.5,119.0,1266.66666666667,-1125.0,28000.0,-1000.0,-12000.0,5750.0
537825.3119999939,275.0,272.5,15.0,850.0,-1450.0,28000.0,4750.0,-6500.0,3500.0
541425.3119999939,495.0,497.5,127.5,900.0,-1100.0,27500.0,4250.0,-11545.4545454545,7500.0
544097.3759999941,277.5,272.5,10.0,725.0,-1381.25,27875.0,-2875.0,-7000.0,2500.0
546182.0639999942,280.0,280.0,71.6666666666667,650.0,-1450.0,27500.0,4687.5,-7000.0,0.0
549782.0639999942,495.0,495.0,102.5,600.0,-1100.0,28500.0,4519.23076923077,-12000.0,8500.0
550289.6639999938,282.5,280.0,15.0,800.0,-1400.0,28000.0,4250.0,-7000.0,3000.0
553889.6639999938,492.5,495.0,126.875,1000.0,-1100.0,27500.0,-3604.16666666667,-11500.0,3000.0
557489.6639999938,282.5,280.0,18.3333333333333,633.333333333333,-1283.33333333333,28000.0,-3375.0,-7000.0,2000.0
561089.6639999938,282.5,280.0,17.5,-100.0,-350.0,24000.0,4100.0,-7000.0,-4250.0
564359.6159999943,492.5,495.0,125.0,600.0,-1504.16666666667,28541.6666666667,3636.36363636364,-12000.0,-3000.0
566313.119999994,492.5,495.0,125.0,700.0,-950.0,28000.0,-3000.0,-12000.0,750.0
566613.119999994,285.0,282.5,10.0,-833.333333333333,-450.0,25000.0,4000.0,-7000.0,-4000.0
569592.1919999938,492.5,492.5,125.0,500.0,-60.0,28000.0,4750.0,-12000.0,-1500.0
573192.1919999938,492.5,492.5,126.111111111111,783.333333333333,-1016.66666666667,27500.0,3875.0,-11500.0,3000.0
575244.9119999935,492.5,492.5,130.833333333333,600.0,-1070.0,28000.0,4229.16666666667,-11500.0,7500.0
578844.9119999935,290.0,285.0,9.375,600.0,-1370.0,27000.0,5437.5,-7500.0,-2000.0
579307.8719999933,492.5,492.5,232.619047619048,500.0,-925.0,28000.0,4000.0,-11500.0,-625.0
579607.8719999935,492.5,492.5,125.0,1190.0,-1117.5,27550.0,3886.36363636364,-11500.0,5500.0
580518.959999993,290.0,290.0,30.0,-800.0,-450.0,25000.0,3625.0,-7500.0,-4000.0
584118.959999993,492.5,492.5,108.888888888889,500.0,-1016.66666666667,27000.0,3125.0,-11500.0,1000.0
585190.3199999933,492.5,492.5,132.142857142857,600.0,112.5,28000.0,3750.0,-12000.0,0.0
588790.3199999933,490.0,492.5,115.0,671.428571428571,-1050.0,28000.0,-2187.5,-11500.0,8500.0
589808.5439999937,290.0,290.0,86.5,500.0,-1200.0,26000.0,3150.0,-7500.0,-500.0
593189.8079999932,490.0,492.5,123.333333333333,790.909090909091,-1118.18181818182,27681.8181818182,3821.42857142857,-12000.0,7500.0
596789.8079999932,490.0,490.0,50.0,70.0,-610.0,27650.0,3500.0,-11500.0,4300.0
599382.6719999933,292.5,290.0,29.4444444444444,100.0,-1358.33333333333,26500.0,4250.0,-7000.0,-7000.0
602099.9519999926,292.5,290.0,16.0,400.0,-1350.0,26500.0,-3750.0,-7500.0,-2500.0
602529.0719999928,490.0,490.0,152.857142857143,823.076923076923,-1088.46153846154,27500.0,4592.59259259259,-12000.0,6461.53846153846
606129.0719999928,490.0,490.0,120.714285714286,241.666666666667,379.166666666667,27500.0,4000.0,-11500.0,-4000.0
606429.0719999928,292.5,292.5,30.0,437.5,-1350.0,26500.0,4434.21052631579,-7657.8947368421,-2000.0
606815.2799999925,490.0,490.0,152.916666666667,604.0,-1022.0,28000.0,2928.57142857143,-11500.0,8000.0
607115.2799999925,292.5,292.5,20.0,100.0,-1350.0,26500.0,5000.0,-7500.0,-7500.0
609239.2799999925,490.0,490.0,150.0,800.0,-1657.14285714286,28000.0,4250.0,-11500.0,5000.0
611995.151999992,295.0,292.5,15.0,700.0,-1500.0,28000.0,4500.0,-7500.0,-312.5
615595.151999992,490.0,490.0,155.0,1300.0,-1341.66666666667,28000.0,4875.0,-11500.0,6500.0
615895.151999992,295.0,292.5,5.0,-700.0,-516.666666666667,25000.0,4875.0,-7500.0,-3500.0
618335.9519999927,490.0,490.0,120.0,762.5,-1068.75,27000.0,3819.44444444444,-11500.0,7000.0
621935.9519999927,295.0,292.5,5.0,-75.0,-400.0,25000.0,5250.0,-7500.0,-4000.0
622235.9519999927,487.5,490.0,102.142857142857,1200.0,-1100.0,28000.0,4000.0,-11500.0,4900.0
622535.9519999928,297.5,295.0,61.6666666666667,787.5,-1512.5,28500.0,4250.0,-7500.0,2500.0
623448.9119999927,297.5,297.5,35.0,11.1111111111111,-422.222222222222,25000.0,4750.0,-7500.0,-3500.0
625898.4959999925,487.5,487.5,66.875,1233.33333333333,-1225.0,28000.0,4805.55555555556,-11944.4444444444,5958.33333333333
626198.4959999926,297.5,297.5,20.0,-200.0,-200.0,24500.0,6312.5,-7000.0,-6750.0
627201.5999999929,487.5,487.5,229.583333333333,450.0,281.25,28000.0,4062.5,-11500.0,-2500.0
628165.8239999923,300.0,297.5,28.5,-150.0,-258.333333333333,24500.0,-3750.0,-7500.0,-6416.66666666667
631765.8239999923,300.0,300.0,10.0,-650.0,-358.333333333333,25000.0,5666.66666666667,-6500.0,-5250.0
632289.1199999924,485.0,487.5,151.0,587.5,-1021.875,28000.0,4250.0,-11500.0,7500.0
632830.5599999919,300.0,300.0,10.0,1000.0,-1500.0,29500.0,5750.0,-6500.0,5500.0
636430.5599999919,485.0,487.5,116.0,100.0,433.333333333333,27000.0,4187.5,-11500.0,-5000.0
640030.5599999919,482.5,487.5,139.375,740.0,-1050.0,27000.0,4250.0,-11500.0,7000.0
643630.5599999919,302.5,300.0,97.0833333333333,100.0,-1400.0,26500.0,2625.0,-7500.0,-6500.0
643930.5599999919,302.5,302.5,20.0,20.0,-365.0,25000.0,6250.0,-7500.0,-5200.0
647530.5599999919,482.5,485.0,131.904761904762,800.0,-1150.0,28400.0,4500.0,-11500.0,5500.0
647980.8479999916,302.5,302.5,66.25,0.0,-400.0,24500.0,-3812.5,-7500.0,-5000.0
649709.5679999914,482.5,485.0,166.0,300.0,-916.666666666667,27500.0,3166.66666666667,-11000.0,-1416.66666666667
652574.1600000008,482.5,485.0,121.428571428571,100.0,450.0,27000.0,4250.0,-11000.0,-5500.0
652874.1600000008,302.5,302.5,20.0,-33.3333333333333,-300.0,25000.0,6425.0,-7500.0,-6000.0
653174.1600000008,302.5,302.5,32.0,-600.0,-400.0,25000.0,5250.0,-8000.0,-4625.0
654116.2080000107,480.0,485.0,145.0,900.0,-1100.0,27000.0,4250.0,-11500.0,2500.0
657716.2080000107,480.0,485.0,209.423076923077,762.5,-1018.75,27000.0,5000.0,-11500.0,6500.0
661316.2080000107,302.5,302.5,15.0,800.0,-1550.0,29000.0,5250.0,-6500.0,2500.0
661938.7200000108,302.5,302.5,39.6153846153846,-625.0,-550.0,25458.3333333333,5250.0,-6500.0,-3000.0
662794.9440000205,480.0,485.0,143.0,737.5,-1559.375,27500.0,3000.0,-11500.0,3500.0
663352.8000000211,305.0,305.0,70.0,1100.0,-1500.0,29500.0,4750.0,-7875.0,6250.0
665169.6480000213,305.0,305.0,35.0,100.0,-460.0,25500.0,5500.0,-7000.0,-3500.0
667686.1920000211,480.0,482.5,155.0,522.727272727273,-975.0,27500.0,4000.0,-11500.0,7500.0
668003.2800000216,307.5,305.0,35.0,500.0,-1387.5,26500.0,2500.0,-7500.0,-1312.5
670566.0480000217,480.0,482.5,160.0,800.0,-1050.0,27000.0,4777.77777777778,-11500.0,2500.0
670878.8160000312,307.5,305.0,9.16666666666667,550.0,-1400.0,26500.0,4312.5,-7500.0,0.0
671178.8160000312,480.0,482.5,120.0,800.0,-1500.0,28000.0,-3656.25,-11500.0,2500.0
671478.8160000312,307.5,307.5,35.0,-600.0,-400.0,25500.0,2375.0,-8000.0,-4357.14285714286
675078.8160000312,480.0,482.5,121.428571428571,711.111111111111,-1033.33333333333,27000.0,4375.0,-11250.0,6000.0
675378.8160000313,307.5,307.5,10.9090909090909,100.0,-528.571428571429,25500.0,4500.0,-8000.0,-3000.0
677567.7600000314,307.5,307.5,15.0,100.0,-1400.0,26500.0,2250.0,-8000.0,-6000.0
680637.2640000312,477.5,480.0,105.0,800.0,-1111.11111111111,28000.0,4500.0,-11750.0,4888.88888888889
682022.1120000314,310.0,307.5,19.0,700.0,-1400.0,26500.0,4750.0,-8000.0,1000.0
684309.264000031,477.5,480.0,214.166666666667,800.0,-1600.0,28000.0,-3500.0,-11000.0,4000.0
685102.9920000312,310.0,310.0,36.25,100.0,-1400.0,26500.0,5350.0,-7000.0,-5333.33333333333
688702.9920000312,312.5,310.0,25.0,84.2105263157895,-534.210526315789,25052.6315789474,-4000.0,-7500.0,-4131.57894736842
691012.3200000216,477.5,480.0,61.6666666666667,616.666666666667,-1000.0,27500.0,3250.0,-11000.0,8000.0
692508.048000031,312.5,310.0,106.111111111111,700.0,-1400.0,26500.0,4250.0,-8000.0,500.0
694057.2000000215,475.0,477.5,136.818181818182,400.0,150.0,27000.0,3886.36363636364,-11500.0,-4500.0
696117.408000022,317.5,315.0,10.0,100.0,-610.0,25500.0,4888.88888888889,-6500.0,-3500.0
699035.1360000222,475.0,475.0,122.083333333333,708.333333333333,-1050.0,27500.0,4156.25,-11000.0,4500.0
702635.1360000222,317.5,317.5,10.0,188.888888888889,-1400.0,26500.0,5775.0,-8000.0,-4277.77777777778
706235.1360000222,475.0,475.0,32.5,700.0,-1000.0,27000.0,4250.0,-11000.0,2000.0
708271.2960000223,320.0,317.5,15.0,-616.666666666667,-366.666666666667,25000.0,4750.0,-8000.0,-3500.0
711871.2960000223,322.5,317.5,104.0,-100.0,-600.0,25500.0,5450.0,-7300.0,-4000.0
715471.2960000223,470.0,472.5,109.0,700.0,-1025.0,27000.0,4100.0,-11000.0,7000.0
716066.1600000224,325.0,320.0,32.0,683.333333333333,-1408.33333333333,27000.0,4500.0,-8500.0,0.0
719666.1600000224,470.0,472.5,84.0,700.0,-1550.0,29000.0,4500.0,-11500.0,1000.0
723266.1600000224,325.0,320.0,97.5,571.428571428571,-1235.71428571429,26500.0,5214.28571428571,-8500.0,0.0
725410.896000022,325.0,320.0,110.555555555556,900.0,-1650.0,30000.0,5000.0,-7000.0,3000.0
729010.896000022,470.0,472.5,115.882352941176,1066.66666666667,-1012.5,27500.0,5250.0,-11125.0,3750.0
729310.896000022,470.0,472.5,136.0,522.222222222222,-944.444444444444,26500.0,4464.28571428571,-11000.0,1000.0
730637.4240000228,470.0,470.0,135.5,600.0,-950.0,27000.0,4250.0,-11250.0,1000.0
730937.4240000228,325.0,325.0,10.0,-50.0,-587.5,24625.0,6250.0,-8000.0,-5250.0
734537.4240000228,470.0,470.0,127.777777777778,800.0,-1500.0,27500.0,4500.0,-11000.0,2500.0
736806.5760000235,327.5,325.0,10.0,-500.0,-600.0,25500.0,4900.0,-7000.0,-2000.0
737106.5760000235,330.0,325.0,49.0,871.428571428571,-1714.28571428571,30357.1428571429,4166.66666666667,-8000.0,3000.0
740706.5760000235,330.0,325.0,53.4375,1300.0,-1600.0,31500.0,4750.0,-7000.0,8500.0
744306.5760000235,467.5,470.0,85.625,700.0,-980.0,26500.0,4250.0,-11000.0,2000.0
746088.4320000241,332.5,327.5,47.5,9.52380952380952,-630.952380952381,25238.0952380952,6093.75,-8500.0,-4071.42857142857
749688.4320000241,467.5,470.0,176.25,1040.0,-1060.0,27500.0,4383.33333333333,-11000.0,5000.0
749988.4320000241,332.5,330.0,61.6666666666667,625.0,-1450.0,27250.0,4000.0,-8500.0,0.0
751716.8640000223,467.5,470.0,107.0,0.0,450.0,27000.0,3287.5,-11000.0,-7500.0
755316.8640000223,467.5,470.0,112.857142857143,700.0,-1500.0,28000.0,4607.14285714286,-11000.0,1000.0
755616.8640000223,332.5,330.0,12.5,166.666666666667,-711.111111111111,26000.0,4000.0,-8500.0,-3000.0
756163.6320000215,467.5,470.0,134.0,-40.0,-550.0,27500.0,3000.0,-11000.0,1000.0
757935.5520000214,467.5,467.5,208.0,20.0,430.0,27000.0,-2687.5,-12000.0,-7000.0
761535.5520000214,332.5,330.0,65.0,558.823529411765,-1208.82352941176,26500.0,5735.29411764706,-8529.41176470588,0.0
762371.9040000231,335.0,330.0,25.0,600.0,-1100.0,26500.0,5638.88888888889,-8500.0,2500.0
765971.9040000231,467.5,467.5,197.272727272727,750.0,-1690.0,28000.0,3500.0,-10500.0,-3300.0
766271.9040000233,335.0,332.5,49.0,1033.33333333333,-1825.0,31000.0,6062.5,-8000.0,3500.0
767926.176000025,465.0,467.5,109.0,700.0,-1500.0,27000.0,4571.42857142857,-12000.0,3500.0
771526.176000025,337.5,332.5,36.1111111111111,323.809523809524,-733.333333333333,26000.0,4250.0,-8500.0,-1809.52380952381
775126.176000025,465.0,467.5,25.0,600.0,-950.0,27500.0,4416.66666666667,-11000.0,7500.0
778726.176000025,337.5,332.5,61.8181818181818,857.142857142857,-1514.28571428571,28000.0,6000.0,-8142.85714285714,2428.57142857143
781584.432000026,465.0,465.0,25.0,480.0,-950.0,27500.0,3875.0,-11000.0,6500.0
782824.7040000259,337.5,332.5,25.0,271.428571428571,-692.857142857143,25500.0,4750.0,-9000.0,-2500.0
786424.7040000259,465.0,465.0,102.5,650.0,-1000.0,27333.3333333333,4750.0,-12000.0,4000.0
788125.9200000259,462.5,465.0,163.125,991.666666666667,-1008.33333333333,27000.0,5250.0,-11500.0,3500.0
790962.432000026,337.5,335.0,30.0,600.0,-1400.0,27500.0,6000.0,-8000.0,-1500.0
791592.7200000249,462.5,465.0,100.0,700.0,-1491.66666666667,27000.0,-2900.0,-11000.0,3000.0
792618.8640000243,337.5,335.0,30.0,750.0,-1493.75,27812.5,5500.0,-8500.0,1000.0
792918.8640000243,337.5,337.5,100.0,100.0,-692.307692307692,25500.0,4000.0,-8500.0,-3538.46153846154
793335.0240000244,340.0,337.5,42.5,-500.0,-576.923076923077,26000.0,4125.0,-8500.0,-2000.0
795988.3680000249,462.5,462.5,110.0,516.666666666667,-941.666666666667,26500.0,3500.0,-10500.0,4500.0
796797.2160000242,462.5,462.5,100.0,612.5,-950.0,26500.0,5250.0,-11500.0,1500.0
797463.072000023,340.0,337.5,15.0,677.777777777778,-1400.0,27500.0,4500.0,-8500.0,-1500.0
801063.072000023,460.0,462.5,55.0,-100.0,-550.0,27000.0,5937.5,-11000.0,1000.0
802731.1680000238,340.0,337.5,15.0,-500.0,-600.0,26000.0,4500.0,-9000.0,-1500.0
803031.1680000238,460.0,462.5,123.636363636364,442.857142857143,-932.142857142857,27500.0,4714.28571428571,-11000.0,7000.0
806631.1680000238,342.5,340.0,26.6666666666667,577.777777777778,-1266.66666666667,26500.0,3850.0,-8500.0,500.0
810231.1680000238,460.0,460.0,122.0,-200.0,450.0,27000.0,4250.0,-11500.0,-8500.0
813831.1680000238,460.0,460.0,190.0,1000.0,-1000.0,27500.0,3750.0,-10500.0,5000.0
814775.9520000238,342.5,340.0,104.5,200.0,-1400.0,26833.3333333333,4750.0,-9000.0,-4000.0
815515.1040000226,460.0,460.0,111.5,800.0,-1450.0,27500.0,4500.0,-11000.0,1500.0
815815.1040000228,345.0,340.0,41.6666666666667,-571.428571428571,-585.714285714286,25500.0,4750.0,-7000.0,-2500.0
816115.1040000228,345.0,340.0,40.0,-600.0,-250.0,24700.0,4500.0,-9000.0,-4000.0
818086.3200000228,460.0,460.0,197.5,444.444444444444,-894.444444444444,26500.0,4500.0,-11000.0,3833.33333333333
818386.3200000228,345.0,342.5,83.3333333333333,-312.0,-162.0,24960.0,3750.0,-8500.0,-3680.0
821386.1280000231,460.0,460.0,100.0,800.0,-1450.0,27500.0,4375.0,-11000.0,1000.0
822204.6240000243,347.5,345.0,61.875,100.0,-750.0,25500.0,6000.0,-8000.0,-3500.0
825804.6240000243,350.0,345.0,15.0,900.0,-1704.54545454545,30000.0,4250.0,-8718.75,3500.0
829404.6240000243,350.0,347.5,45.8333333333333,-500.0,-589.285714285714,26000.0,5500.0,-7500.0,-1357.14285714286
833004.6240000243,460.0,460.0,80.0,-100.0,-550.0,27000.0,4500.0,-11000.0,1000.0
833304.6240000243,457.5,460.0,149.642857142857,400.0,-1450.0,27500.0,7125.0,-11000.0,-2500.0
836904.6240000243,457.5,457.5,88.75,320.0,-860.0,26000.0,4500.0,-11500.0,-500.0
837204.6240000243,457.5,457.5,73.75,0.0,500.0,26500.0,3000.0,-10500.0,-7590.90909090909
840804.6240000243,352.5,352.5,53.0,-460.0,-640.0,26000.0,5500.0,-9000.0,-500.0
844404.6240000243,457.5,457.5,111.875,444.444444444444,-911.111111111111,27000.0,3928.57142857143,-10500.0,6500.0
846983.6640000254,352.5,352.5,17.1428571428571,700.0,-1400.0,27500.0,4500.0,-9500.0,-1000.0
849062.8800000235,457.5,457.5,120.0,514.285714285714,-914.285714285714,26500.0,4400.0,-11000.0,5500.0
849362.8800000235,457.5,457.5,135.0,-100.0,875.0,27000.0,3950.0,-11000.0,-6500.0
852962.8800000235,352.5,352.5,48.4615384615385,700.0,-1500.0,27875.0,5250.0,-9000.0,500.0
856381.1520000235,457.5,457.5,120.0,-100.0,800.0,27000.0,4638.88888888889,-11000.0,-6000.0
857800.2720000227,457.5,457.5,115.0,955.555555555556,-966.666666666667,27000.0,7375.0,-11000.0,2500.0
859083.1680000224,355.0,352.5,118.333333333333,100.0,-750.0,25750.0,5490.0,-9000.0,-3000.0
862683.1680000224,457.5,457.5,107.5,600.0,-950.0,26500.0,4500.0,-11000.0,1500.0
866283.1680000224,357.5,352.5,48.8461538461538,-275.0,-218.75,25000.0,4775.0,-7500.0,-3000.0
866918.9280000222,455.0,455.0,118.333333333333,400.0,-950.0,27500.0,4500.0,-11000.0,6000.0
870518.9280000222,357.5,355.0,65.0,-433.333333333333,-619.047619047619,26000.0,5250.0,-9000.0,-1261.90476190476
872015.6640000218,455.0,455.0,107.857142857143,911.111111111111,-961.111111111111,27000.0,3250.0,-10500.0,4000.0
875615.6640000218,360.0,357.5,62.7777777777778,-491.666666666667,-558.333333333333,25500.0,3750.0,-8571.42857142857,-2500.0
876864.1440000222,455.0,455.0,119.166666666667,925.0,-1000.0,27000.0,3750.0,-11000.0,4500.0
880464.1440000222,360.0,357.5,50.0,600.0,-1300.0,26500.0,4500.0,-9312.5,1000.0
880957.0560000227,455.0,455.0,183.846153846154,500.0,-925.0,27000.0,4583.33333333333,-10500.0,7000.0
884557.0560000227,362.5,357.5,72.1428571428571,-200.0,-221.428571428571,25000.0,3571.42857142857,-9000.0,-3000.0
885001.5840000235,455.0,455.0,179.545454545455,-380.0,520.0,27000.0,3500.0,-10700.0,-9500.0
888601.5840000235,365.0,360.0,15.0,-200.0,-100.0,24500.0,4000.0,-9000.0,-4714.28571428571
888901.5840000235,455.0,455.0,97.7777777777778,450.0,-928.571428571429,26857.1428571429,4250.0,-10500.0,2678.57142857143
892501.5840000235,365.0,360.0,65.8333333333333,700.0,-1400.0,27500.0,4750.0,-9500.0,-1000.0
892801.5840000237,365.0,362.5,121.666666666667,-177.777777777778,-616.666666666667,25500.0,4541.66666666667,-7500.0,-3500.0
895363.6320000241,455.0,455.0,119.166666666667,700.0,-1435.71428571429,27000.0,3557.69230769231,-10500.0,3000.0
898963.6320000241,367.5,362.5,113.5,500.0,-850.0,26000.0,4750.0,-8000.0,0.0
900720.1440000242,370.0,365.0,61.25,500.0,-800.0,26500.0,5642.85714285714,-8000.0,500.0
904320.1440000242,452.5,450.0,108.75,700.0,-1500.0,27500.0,4000.0,-10500.0,2500.0
907920.1440000242,375.0,372.5,61.4285714285714,600.0,-1311.11111111111,26500.0,5357.14285714286,-9500.0,2500.0
910395.5040000236,450.0,450.0,114.166666666667,-300.0,1100.0,26500.0,5750.0,-11000.0,-9000.0
913548.6720000231,375.0,372.5,80.4166666666667,-175.0,-250.0,25312.5,5590.90909090909,-9000.0,-2000.0
914420.3040000224,375.0,372.5,120.0,-100.0,-271.428571428571,25000.0,5000.0,-9500.0,-4000.0
918020.3040000224,450.0,450.0,116.363636363636,400.0,-900.0,26500.0,4538.46153846154,-10500.0,6000.0
918921.4560000212,375.0,372.5,62.1428571428571,200.0,-1400.0,26000.0,4500.0,-8000.0,-8000.0
922521.4560000212,377.5,372.5,119.285714285714,350.0,-800.0,26000.0,4642.85714285714,-8000.0,-1843.75
922821.4560000211,450.0,450.0,105.454545454545,700.0,-1416.66666666667,27000.0,4625.0,-10500.0,3000.0
923121.456000021,377.5,372.5,73.0,-100.0,-675.0,25500.0,4611.11111111111,-8166.66666666667,-3500.0
923421.456000021,450.0,450.0,107.5,-800.0,650.0,26500.0,4613.63636363636,-10500.0,-12000.0
927021.456000021,377.5,375.0,16.4285714285714,-100.0,-300.0,25500.0,4250.0,-9500.0,-833.333333333333
928037.6640000216,450.0,450.0,96.6666666666667,-633.333333333333,600.0,26500.0,5250.0,-11166.6666666667,-11000.0
930807.7920000203,380.0,375.0,67.2727272727273,-275.0,-687.5,26000.0,4250.0,-10000.0,1000.0
934407.7920000203,380.0,375.0,75.5,200.0,-1400.0,26083.3333333333,5050.0,-9300.0,-7500.0
938007.7920000203,380.0,377.5,81.3636363636364,-107.692307692308,-700.0,25500.0,5000.0,-9500.0,-7730.76923076923
941607.7920000203,380.0,377.5,58.3333333333333,600.0,-1200.0,26500.0,4527.77777777778,-8000.0,2500.0
945166.17600002,447.5,447.5,176.25,623.529411764706,-1488.23529411765,27000.0,4950.0,-10100.0,3000.0
946608.6240000207,447.5,447.5,93.75,287.5,-781.25,26000.0,4500.0,-10500.0,3000.0
950208.6240000207,447.5,447.5,61.9230769230769,400.0,200.0,27000.0,4000.0,-11000.0,-3500.0
951593.4720000201,385.0,377.5,124.090909090909,-60.0,-550.0,26000.0,5187.5,-8500.0,-7000.0
955193.4720000201,447.5,447.5,95.0,233.333333333333,-800.0,26000.0,4000.0,-10500.0,2000.0
958793.4720000201,447.5,445.0,110.0,450.0,-856.25,26500.0,3772.72727272727,-10090.9090909091,4875.0
959179.1040000193,385.0,380.0,72.2727272727273,-69.2307692307692,-326.923076923077,25500.0,4250.0,-9000.0,-3500.0
962631.0720000196,447.5,445.0,66.0,-525.0,575.0,26500.0,3750.0,-10500.0,-10375.0
966231.0720000196,387.5,380.0,64.0,-350.0,-637.5,26000.0,4500.0,-8000.0,-1375.0
969798.960000018,387.5,380.0,141.0,400.0,-1450.0,26555.5555555556,5250.0,-9500.0,-6166.66666666667
970098.9600000179,445.0,445.0,110.0,300.0,-787.5,26000.0,4750.0,-10500.0,2500.0
972229.7280000171,387.5,380.0,109.0,290.0,-1440.0,26500.0,5416.66666666667,-9000.0,-7500.0
975829.7280000171,445.0,445.0,140.625,200.0,-830.0,26000.0,3781.25,-10000.0,-2500.0
979429.7280000171,390.0,382.5,127.5,-191.666666666667,-704.166666666667,26500.0,5083.33333333333,-9500.0,2500.0
979912.9920000177,390.0,385.0,34.1666666666667,20.0,-575.0,26500.0,4250.0,-8000.0,-6550.0
983512.9920000177,445.0,445.0,111.666666666667,230.0,-875.0,27000.0,4500.0,-10500.0,5000.0
987112.9920000177,390.0,385.0,87.1428571428571,-283.333333333333,-650.0,26000.0,4250.0,-10000.0,-666.666666666667
990712.9920000177,445.0,442.5,73.0,743.75,-921.875,27000.0,4750.0,-10312.5,1500.0
994312.9920000177,392.5,387.5,20.0,300.0,-1450.0,26500.0,5250.0,-9500.0,-7000.0
997912.9920000177,392.5,390.0,32.2222222222222,-50.0,-750.0,26000.0,4625.0,-10000.0,-3000.0
998578.1280000176,395.0,390.0,114.166666666667,-10.0,-715.0,25500.0,4750.0,-8500.0,-7500.0
1001951.7600000188,395.0,390.0,68.6363636363636,0.0,-570.0,25500.0,4409.09090909091,-10000.0,-6000.0
1005551.7600000188,440.0,440.0,92.5,320.0,-830.0,26000.0,3291.66666666667,-10000.0,5000.0
1009151.7600000188,395.0,390.0,40.7142857142857,0.0,-621.428571428571,25500.0,5500.0,-9250.0,-5428.57142857143
1012751.7600000188,397.5,392.5,151.153846153846,659.259259259259,-909.259259259259,26500.0,5227.27272727273,-9500.0,1500.0
1016351.7600000188,397.5,392.5,135.0,100.0,600.0,24500.0,5000.0,-10000.0,-4500.0
1019951.7600000188,397.5,392.5,35.625,-163.636363636364,-690.909090909091,26363.6363636364,4425.0,-8500.0,136.363636363636
1020474.7680000201,397.5,392.5,56.0,300.0,-1450.0,26500.0,3750.0,-9861.11111111111,-7000.0
1024074.7680000201,437.5,437.5,112.0,344.444444444444,-794.444444444444,26000.0,4750.0,-10500.0,4000.0
1027674.7680000201,400.0,395.0,73.75,500.0,-1450.0,27000.0,4562.5,-8500.0,-5000.0
1031274.7680000201,437.5,435.0,105.0,820.0,-950.0,27000.0,4500.0,-11000.0,3500.0
1034874.7680000201,437.5,435.0,93.0,300.0,-1400.0,27000.0,3750.0,-10500.0,-4500.0
1038474.7680000201,400.0,395.0,20.0,300.0,-875.0,27500.0,4166.66666666667,-9500.0,-3500.0
1038774.76800002,400.0,397.5,80.0,650.0,-1288.88888888889,26638.8888888889,4958.33333333333,-9000.0,3000.0
1040748.7200000195,400.0,397.5,121.25,0.0,-764.285714285714,26000.0,5062.5,-9500.0,-2500.0
1044348.7200000195,435.0,435.0,92.5,105.555555555556,-752.777777777778,25666.6666666667,4000.0,-10000.0,-4000.0
1044648.7200000195,400.0,397.5,79.0,600.0,-1412.5,26500.0,4125.0,-10000.0,2500.0
1048248.7200000195,435.0,435.0,90.625,100.0,-650.0,26500.0,3562.5,-10000.0,-6000.0
1049802.6240000206,402.5,400.0,68.5714285714286,600.0,-1304.16666666667,27000.0,5150.0,-10000.0,1208.33333333333
1051342.41600002,435.0,435.0,85.0,133.333333333333,-750.0,26000.0,4750.0,-10500.0,-3666.66666666667
1054942.41600002,435.0,435.0,30.7142857142857,160.0,-850.0,27000.0,4027.77777777778,-10111.1111111111,6000.0
1058542.41600002,402.5,400.0,138.75,400.0,-827.777777777778,26000.0,5000.0,-9500.0,-1500.0
1061260.7040000206,432.5,432.5,100.0,162.5,-831.25,26000.0,3750.0,-10500.0,-812.5
1062697.536000021,432.5,432.5,159.0,100.0,-610.0,26500.0,4000.0,-10000.0,-6000.0
1064238.76800002,405.0,400.0,78.75,600.0,-1450.0,26583.3333333333,4875.0,-10500.0,2500.0
1065739.3920000198,405.0,400.0,142.142857142857,63.6363636363636,-440.909090909091,25500.0,4750.0,-9000.0,1181.81818181818
1069339.3920000198,432.5,432.5,154.166666666667,225.0,-1431.25,27000.0,4500.0,-9833.33333333333,-8062.5
1069958.160000021,432.5,432.5,130.0,87.5,-756.25,25500.0,5000.0,-10000.0,-4625.0
1073558.160000021,432.5,430.0,93.0,200.0,-850.0,26500.0,4857.14285714286,-10000.0,312.5
1077158.160000021,407.5,402.5,95.0,600.0,-1500.0,27000.0,4250.0,-10000.0,-3833.33333333333
1080758.160000021,407.5,402.5,87.5,700.0,-1500.0,27000.0,4250.0,-9500.0,-2500.0
1084358.160000021,407.5,405.0,86.25,-73.3333333333333,-766.666666666667,26500.0,5000.0,-10000.0,2500.0
1084798.3680000217,407.5,405.0,82.7777777777778,310.0,-1500.0,27000.0,4020.83333333333,-9000.0,-7000.0
1085566.7520000213,430.0,430.0,78.3333333333333,720.0,-1635.0,27900.0,4000.0,-10000.0,-2300.0
1088279.4240000194,430.0,430.0,158.461538461538,700.0,-1380.0,27000.0,4000.0,-10500.0,3000.0
1091879.4240000194,430.0,427.5,92.5,100.0,-833.333333333333,26500.0,4250.0,-10000.0,2500.0
1095479.4240000194,412.5,407.5,95.0,40.0,-800.0,26000.0,3950.0,-10000.0,-2000.0
1099079.4240000194,412.5,407.5,61.4285714285714,0.0,-450.0,25500.0,4500.0,-10125.0,-2500.0
1102580.352000021,430.0,427.5,94.0,60.0,-800.0,26500.0,3666.66666666667,-9500.0,2200.0
1106180.352000021,412.5,410.0,93.3333333333333,200.0,400.0,25500.0,4416.66666666667,-9000.0,-3500.0
1107647.136000021,430.0,427.5,103.0,200.0,-1375.0,26500.0,3500.0,-9500.0,-8500.0
1108662.9120000214,415.0,410.0,143.4375,775.0,-1533.33333333333,27500.0,4750.0,-10000.0,-2000.0
1109093.472000022,430.0,427.5,25.0,700.0,-905.0,26500.0,4000.0,-9500.0,2100.0
1112622.4800000214,430.0,427.5,177.5,340.0,-750.0,26000.0,4656.25,-10000.0,-7000.0
1113678.432000021,427.5,427.5,125.0,200.0,-1400.0,27000.0,3875.0,-10000.0,-7916.66666666667
1116626.68800002,417.5,412.5,114.0,700.0,-1450.0,27500.0,4250.0,-10000.0,-500.0
1117266.1920000208,427.5,427.5,69.2857142857143,0.0,-750.0,25500.0,4000.0,-10000.0,-6900.0
1120866.1920000208,417.5,412.5,99.1666666666667,150.0,-625.0,26000.0,5000.0,-10375.0,2000.0
1124466.1920000208,427.5,425.0,123.333333333333,333.333333333333,-750.0,26000.0,5000.0,-10000.0,-3000.0
1128066.1920000208,420.0,415.0,95.0,-50.0,-775.0,26500.0,4250.0,-9000.0,3500.0
1128709.0080000202,427.5,425.0,30.0,0.0,-612.5,26000.0,3531.25,-10187.5,-2000.0
1132309.0080000202,420.0,417.5,86.25,100.0,-1350.0,26500.0,3750.0,-9500.0,-9000.0
1132609.0080000202,422.5,420.0,102.5,-25.0,-762.5,27000.0,4000.0,-10250.0,4000.0
1133706.4320000191,420.0,417.5,100.0,300.0,-675.0,26000.0,3750.0,-9500.0,-3500.0
